index,name,synopsis,netflix,tiving
0,이상한 변호사 우영우,천재적인 두뇌의 소유자 우영우. 대형 로펌의 신입 변호사이자 자폐 스펙트럼 장애를 가진 여성으로서 법정 안팎에서 다양한 난관을 헤쳐간다.,1,0
1,인사이더,위장 잠입 수사를 하다가 교도소에 수감된 사법연수생. 교도소에서 살아남아 복수하기 위해 재소자들의 불법 도박판에 뛰어든다.,1,0
2,나쁜녀석들: 악의 도시,"타협은 없다. 용서도 없다. 썩은 놈들이 판치는 대한민국, 그놈들 잡으러 나선 나쁜 녀석들의 통쾌한 한 방! 검사는 판을 짜고 조폭과 형사는 발로 뛰니, 전쟁은 시작됐다.",1,0
3,"60일, 지정생존자","갑작스러운 테러로 대참사를 맞은 대한민국. 대통령, 국무총리, 국회의장, 그 모두를 잃었다. 거대한 혼란 속에서 환경부 장관 박무진이 대통령 권한대행으로 지정된다.",1,0
4,종이의 집: 공동경제구역,"통일 한국의 조폐국을 강도단이 장악했다. 인질들이 건물 안에 갇혀 있는 상황. 경찰은 어떻게든 빨리 강도들을 제압하고, 이 작전을 설계한 수수께끼의 인물을 찾아내야 한다.",1,0
5,라이브,공권력의 상징 대한민국 경찰. 하지만 이들도 알고 보면 우리와 닮은 이웃일 뿐. 제복의 무게를 견디며 오늘도 정의를 위해 출동이다! 특별하고도 평범한 삶을 위하여.,1,0
6,미남당,모르는 게 없고 용하기로 소문난 박수무당. 그가 운영하는 수상한 점집이 집요한 형사의 레이더망에 걸려든다.,1,0
7,동백꽃 필 무렵,"천진하지만 강단 있는 싱글 맘 동백. 씩씩하게 살고 싶지만, 세상의 편견이 여전히 힘들다. 이런 그녀를 찾아온 설렘, 어쩌면 사랑. 이제부터, 조금 더 용감해져도 될까.",1,0
8,보좌관,"권력의 그늘에서 권력의 정점을 꿈꾼다. 위험한 야심을 품은 국회의원 보좌관 장태준. 이 음모와 탐욕의 세상에서, 그는 살아남을 수 있을까. 위태로운 도박이 시작된다.",1,0
9,블랙의 신부,최상류층 고객만 모시는 결혼정보회사. 이곳에 발을 들인 한 여자가 전남편의 애인에게 복수할 기회를 엿본다.,1,0
10,연모,"죽은 오빠 대신 남장을 하고 왕세자로 살아가는 쌍둥이 여동생. 궁녀에게 철벽을 치며 문무에 전념하려는 중인데, 이를 어째. 세자 교육을 맡은 남자에게 자꾸 눈길이 가. 이거 혹시, 사랑?",1,0
11,우아한 가,어디 하나 부족할 데 없는 재벌가 외동딸. 그 재벌가의 오너리스크 관리팀에 취직한 삼류 변호사. 두 사람이 15년 전의 비극을 연결 고리로 손을 잡는다. 우아해 보이는 상위 1% 가문의 추악한 비밀을 파헤치기 위해.,1,0
12,사내맞선,친구를 대신해 맞선 자리에 나간 하리. 남자가 겁을 먹고 퇴짜를 놓게 할 작정이다. 하지만 맞선남이 하리가 다니는 회사의 CEO로 드러나며 계획은 엉망이 된다. 게다가 그가 청혼을 하다니.,1,0
13,더케이투,"사랑하던 모든 것을 잃은 채 신분을 숨기고 도주하며 살아가는 남자 김제하. 대선 후보와 관련된 사건에 우연히 얽혀 거대 재벌 가문의 경호원으로 일하게 된 그의 삶에, 그와 마찬가지로 세상에서 잊힌 채 살아온 한 소녀가 등장한다.",1,0
14,클리닝 업,투자증권 회사에서 일하는 3명의 미화원. 인생 역전 기회를 잡기 위해 내부자거래 정보로 주식 시장에 뛰어든다.,1,0
15,슬기로운 감빵생활,"메이저리그 대신 감옥으로 직행한 슈퍼스타. 판이 바뀌고 룰이 바뀐 막다른 골목, 감빵에서 살아남을 방법은 단 한 가지. 그저 배워라! 하나에서 열까지.",1,0
16,아스달 연대기,"그곳에서 모든 것이 시작됐다. 태고의 땅 아스. 권력을 향한 욕망, 새로운 사회에 대한 열망, 그리고 가슴 뛰는 사랑을 위해 치열하게 살아간 사람들이 있었다.",1,0
17,도깨비,"신부를 찾아야 죽을 수 있는 남자. 불멸의 고통에 힘겹던 어느 날, 신부라고 주장하는 여학생이 나타났다. 대책 없이 그를 소환하고 대책 없이 삶에 파고드는 소녀. 정녕 신부를 만난 것이냐. 그럼 이제 소멸할 수 있는 것이냐.",1,0
18,안녕? 나야!,"내 앞에 내가 나타난다. 어릴 적의 내가. 지금의 나와는 다른, 뜨겁고 반짝이는 내가! 빛이라곤 없던 어둡고 외로운 일상이 밝고 따뜻해지려 한다. 나 이렇게 달라져도 돼?",1,0
19,호텔 델루나,"서울 도심에 수상한 호텔이 있다. 천년 영업에 숙박한 사람이 없다. 왜? 산 사람은 안 받으니까. 귀신만 묵는 그곳에 인간 지배인이 왔다. 알고 보면 심약한 이 남자, 고객 응대 잘 해낼까? 외모와 달리 괴팍한 사장은 어찌 감당하누.",1,0
20,최강 배달꾼,"신속! 정확! 배달 왔어요~ 비록 흙수저여도 배짱은 금수저 못지않은 두 청춘. 부조리한 사회에 맞서 철가방 들고 싸운다. 좌절 금지, 포기 금지! 우리에겐 희망이 있으니까.",1,0
21,힘쎈 여자 도봉순,선천적으로 놀라운 괴력을 타고난 봉순. 불의에 맞서고 정의를 위해 싸우는 이 의리녀에게 얽히고설킨 삼각관계가 벌어진다. 봉순은 정의도 지키고 사랑도 지킬 수 있을까.,1,0
22,(아는 건 별로 없지만) 가족입니다,세월이 흐르는 사이 서로 멀어진 가족. 각자 인생에서 마주치는 장애물과 씨름하며 식구들과의 관계도 회복하기 위해 노력한다.,1,0
23,도도솔솔라라솔,"무일푼이 됐지만, 세상은 여전히 아름다워. 자체 발광 피아니스트가 시골로 향한다. 반짝반짝한 새 삶을 시작해 보자. 희망을 잃지 않는 사람에게 사랑도 찾아오는 법!",1,0
24,봄밤,"알 수 없는 이끌림과 묘한 떨림. 이게 다 봄바람 때문일까? 정인과 지호가 마주치고, 그들의 평온한 일상이 흔들린다. 진정한 사랑을 깨닫는 시간, 봄밤이 왔다.",1,0
25,무법변호사,"주먹계에서 법조계로 유턴한 열혈 변호사, 봉상필. 과거 어머니의 죽음을 밝히려 고향으로 돌아간 그는 도시의 절대 악을 소탕하기 위한 싸움을 시작한다. 너희들, 꼼짝 말고 기다려!",1,0
26,더 킹: 영원의 군주,"익숙하고 낯설다. 이곳은 어디고 당신은 누구인가. 평행 세계의 문을 통과한 대한제국 황제. 당황한 그가 강단 있는 형사와 마주친다. 우리, 전에도 만난 적 있지 않나?",1,0
27,달의 연인 - 보보경심 려,"1,000년을 거슬러 고려 시대로 시간 여행을 하게 된 21세기 여인. 궁중의 암투에 휘말리고 여러 황자들의 사랑을 한몸에 받게 된다.",1,0
28,내일,"사고로 반은 인간, 반은 영혼이 된 남자. 저승사자가 운영하는 지하세계 회사에 채용되고, 특별한 임무를 수행하러 나선다.",1,0
29,배가본드,"비행기가 추락했고, 그의 하늘도 무너졌다. 하루아침에 사랑하는 조카를 잃은 스턴트맨 차달건. 사고 뒤에 숨은 진실을 쫓던 그는 국정원 블랙 요원 고해리를 만나게 된다.",1,0
30,또! 오해영,"이름만 달랐어도 인생이 좀 더 나아졌을까? 학창 시절, 예쁘고 잘난 동명이인 때문에 온갖 수난을 겪으며 살아온 여자 오해영. 이제는 만날 일 없다고 생각했지만 웬걸. 다시 나타난 예쁜 그녀가 해영의 삶을 또 한 번 망쳐놓을 줄이야!",1,0
31,블랙독,"사립고등학교에 부임한 신입 기간제 교사. 정치 싸움이 난무하는 학교에서, 학생들의 꿈을 지켜주고 싶은 마음 따뜻한 선생님의 외로운 싸움이 시작된다.",1,0
32,화양연화 - 삶이 꽃이 되는 순간,"가슴 벅찬 첫사랑이었다. 오랜 시간이 지나도 바래지 않을 것 같은 눈부신 사랑이었다. 20년이 넘는 세월을 건너 그 남자와 그 여자가 우연히 재회한다. 모든 것이 변해 버린 지금, 아름다웠던 그 시절처럼 다시 사랑할 수 있을까.",1,0
33,블랙,"죽음을 예견하는 여자, 인간의 몸에 빙의한 저승사자. 한 명은 죽음을 막고 다른 한 명은 죽음을 지킨다. 두 사람의 아이러니한 동행에서 이어지는 예측 불가 미스터리.",1,0
34,구필수는 없다,어쩌다 미스터리한 사채업자의 집에서 살게 된 청년 사업가. 그곳에서 함께 생활하는 중년 가장과 티격태격하며 우정을 나눈다.,1,0
35,라이프,"환자를 생각하는 응급의료센터 전문의, 숫자를 먼저 보는 대학병원 신임 사장. 그들의 신념이 부딪친다. 생사가 오가는 병원, 두 남자는 그곳에 어떤 파문을 일으킬까.",1,0
36,무브 투 헤븐: 나는 유품정리사입니다,유품에는 생전의 삶이 깃들어 있다. 작은 흔적도 세심히 챙기는 유품정리사. 그에게 있는 줄도 몰랐던 삼촌이 나타난다. 함께 일하기 시작하는 두 사람. 고인이 못다 한 이야기를 전해드립니다!,1,0
37,김비서가 왜 그럴까,진심 아니지? 날 보필할 특권을 포기할 리 없잖아. 자기애로 똘똘 뭉친 부회장 영준. 9년간 완벽하게 일해 온 김비서가 그만둔단 말을 믿을 수 없다. 초특급 대우에 갖은 수를 다 쓰지만 안 통한다. 그렇다면 최후의 수단을 쓸 수밖에.,1,0
38,하이에나,"머리 쓰는 법정 다툼? 먹고 먹히는 생존 싸움! 처절한 전쟁에서 살아남으려는 두 라이벌 변호사. 상류층 고객의 만족, 불타는 야망의 성취를 위해서라면, 뭔들 못 하겠어?",1,0
39,18 어게인,"이번 생은 망했다고 생각한 순간 기회가 찾아왔다. 이혼 직전, 열여덟 살로 돌아간 홍대영. 지금부턴 무능한 남편 대신 꿈 많은 소년으로 살아가련다. 18년 전 그때처럼.",1,0
40,그린마더스클럽,"초등학생 학부모 커뮤니티의 다섯 엄마들. 경쟁적인 분위기 속에 질투심과 비밀들이 얽히고설키는데. 때로는 적을 가까이하기도, 서로 더 가까워지기도 하며 각자의 삶을 헤쳐 나간다.",1,0
41,부부의 세계,"일과 가정 모두 놓치지 않는 그녀. 다정한 이웃과 친구까지 있어 더없이 행복하다. 그러나 그녀의 세계를 비로소 완성하는 건, 세월에도 변함없는 남편의 사랑. 그러니 그 사랑이 흔들린다는 건, 완벽한 세계에 균열이 생겼다는 것.",1,0
42,공작도시,막강한 재벌가 아들의 아내. 어떻게든 남편을 대한민국의 대통령으로 만들겠다는 야망에 불탄다. 이 야망을 실현하기 위해서라면 그 어떤 일도 마다하지 않을 것이다.,1,0
43,사생활,"정신 바짝 차려라. 그 누구도 믿을 수 없다. 사생활 공유의 시대, 훔치고 조작하는 데 능한 사기꾼들이 어쩌다 거대한 전쟁에 뛰어든다. 국가의 사생활을 밝혀내기 위해서.",1,0
44,바람과 구름과 비,"관상을 읽는 옛 명문가의 자제. 앞날을 내다보는 왕의 딸. 신묘한 능력의 두 남녀가 만나 천하를 도모할 계획을 세운다. 목표는 오직 하나. 썩어 빠진 조선을 청산하고, 새로운 태평천국을 세워라.",1,0
45,라켓소년단,"해체 위기의 시골 중학교 배드민턴부를 되살려라! 개성 강한 학생 선수들을 맡게 되는 새로운 코치, 그런 아버지를 따라 전학 오는 도시 소년. 이곳에 희망이 있을까, 여기서 꿈이 이루어질까?",1,0
46,괴물,서울 근교 마을. 20년 전의 강력 사건이 미제로 묻힌 곳. 그런데 유사 사건이 터지며 마을이 술렁인다. 괴물이 깨어난 걸까. 각자의 이유로 사건에 얽힌 두 경찰이 위험한 사냥에 뛰어든다.,1,0
47,고요의 바다,각계 전문가들이 한 팀이 되어 달 탐사선에 오른다. 임무는 폐쇄된 연구기지에서 24시간 안에 중요 샘플을 회수하는 것. 대원들은 비밀에 잠긴 이 위험천만한 기밀 미션을 완수할 수 있을까.,1,0
48,결혼작사 이혼작곡,라디오 프로그램을 만드는 세 여자. 사랑과 성공을 누리던 그들의 모든 것이 무너지려 한다. 행복한 결혼 생활은 허상에 불과했을까. 충격과 반전이 그들의 삶을 뒤흔든다.,1,0
49,"하이바이, 마마!",사고로 가족의 곁을 떠나게 된 차유리가 사별의 아픔을 딛고 새 인생을 시작한 남편 조강화와 딸아이 앞에 다시 나타나면서 벌어지는 고스트 엄마의 49일 리얼 환생 스토리,1,0
50,사이코지만 괜찮아,"사랑 따위, 못 느끼면 어때. 태어날 때부터 온기가 없는 동화 작가. 그녀가 사랑을 외면하는 정신 병동 보호사와 마주친다. 이상하지만 꽤 괜찮은, 힐링 로맨틱 코미디.",1,0
51,밥?잘?사주는?예쁜?누나,"일 잘하고 싹싹한 30대 커리어 우먼 진아. 하지만 공허한 마음 달랠 길이 없다. 그래서일까? 그냥 아는 사이였는데, 친구 동생일 뿐인데, 그 녀석이 갑자기 다르게 보인다.",1,0
52,초콜릿,"따뜻한 위로 같은 사랑이 찾아왔다. 상처를 지닌 두 남녀, 이강과 문차영. 어린 시절의 짧은 인연 뒤, 의사와 셰프가 된 그들은 호스피스 병동에서 운명적으로 재회한다.",1,0
53,"선배, 그 립스틱 바르지 마요","직장 선배에게 첫눈에 반한 화장품 회사 신입사원. 고백할 기회만 보고 있었는데 이게 웬걸. 선배가 몰래 사내 연애를 하고 있다! 상대는 회사에서 승승장구하는 넘사벽 능력자. 가망 없는 짝사랑, 이쯤에서 접어야 하나?",1,0
54,불가살,저주받은 몸으로 태어나 불사의 존재가 된 남자. 이제 600년간 이어진 복수의 여정을 끝내고 자신의 영혼을 되찾으려 한다.,1,0
55,스타트업,"꿈을 현실로, 불가능을 가능으로! 아이디어 있겠다, 기술 있겠다. 못 할 것도 없지. 치열한 스타트업의 세계에 뛰어드는 젊은 창업자들. 성공도 사랑도 쟁취하고야 만다!",1,0
56,눈이 부시게,"살짝 예스러운 이름에 지극히 평범한 스펙, 그래도 꿈만은 야무진 25세 처자. 그녀에게 특별한 점이 있다면 신비한 시계가 있다는 정도? 비극적인 사건 이후 시간을 되돌린 그녀에게 날벼락 같은 현실이 찾아온다. 내가 70대 할머니라니.",1,0
57,품위있는 그녀,"욕망의 끝은 어디일까. 이미 상류 사회에 속한 사람, 그곳에 입성하기 위해 발버둥 치는 사람. 그 가운데 두 여인의 삶이 있다. 욕망이란 독배를 마신 군상들의 이야기.",1,0
58,마음의 소리,최장수 인기 개그 웹툰 《마음의 소리》를 원작으로 한 시트콤. 웹툰 작가 조석과 그의 괴짜 가족의 상상 이하 + 어드벤처 + 요절복통 일상이 펼쳐진다.,1,0
59,도시남녀의 사랑법,"자유로운 영혼을 지닌 그녀. 그녀에게 마음을 뺏긴 건축가. 한여름 꿈같았던 로맨스는 다시 시작될 수 있을까. 서울의 거리에서, 열정 넘치는 그 남자가 사랑을 찾고 있다.",1,0
60,너는 나의 봄,"어린 시절의 상처를 간직한 호텔 컨시어지 매니저와 정신과 의사. 그들이 살아가는 곳에서 미궁의 살인 사건이 일어난다. 그 어둠에 맞서 진심을 나누며, 그들은 따뜻한 봄을 만날 수 있을까.",1,0
61,우아한 친구들,"대학에서 만나 20년 우정을 이어가는 다섯 남자. 40대 가장이자 사회인으로 평온한 일상을 살던 어느 날, 살인사건에 연루된다. 이를 계기로 묘하게 맞물리는 과거와 현재. 가까운 사이여서 더욱 몰랐던 추악한 비밀이 하나둘 밝혀진다.",1,0
62,으라차차 와이키키,"영화감독, 배우, 작가를 꿈꾸는 세 청년. 직접 만들 영화의 제작비를 벌겠다며 게스트하우스를 냈지만 현실은 망한 거나 다름없고, 하는 일 족족 폭망 냄새가 솔솔 나니 어쩔? 역대급 웃음 폭탄으로 무장한 청춘들의 이야기, 스타트!",1,0
63,별에서 온 그대,"조선 땅에 떨어진 뒤로 400년 넘게 인간 남자 행세를 해온 외계인. 대학 강사로 일하는 지금, 드디어 고향에 돌아갈 수 있게 됐건만, 옆집에 사는 한류 스타와 사랑에 빠져버린다. 종족도, 성격도 딴판인 두 남녀의 달콤 발랄 로맨스.",1,0
64,안나라수마나라,버려진 유원지에 사는 마술사. 힘겨운 현실 속에서 너무 빨리 어른이 돼버린 고등학생에게 마법 같은 위로를 건넨다. 절망적인 현실이 사라지고 희망이 다시 샘솟는 특별한 마술이 시작된다.,1,0
65,마인,"부유하고 화려한 재벌가의 두 여인. 그들은 찾고 싶다. 진짜 나의 것을. 세상의 편견에서 벗어나 자유롭게 비상하고 싶다. 강인한 날개를 펼치며, 그들은 진정한 삶을 찾을 수 있을까.",1,0
66,신입사관 구해령,"신부 수업도 싫다, 혼인도 싫다. 뼛속까지 자유로운 조선 여인 구해령. 그녀가 자신의 운명을 스스로 개척하기 위해 궁으로 들어간다. 조선 최초의 여사관이 된다.",1,0
67,아름다운 세상,"소박하고 평온한 일상을 보내던 가족에게 비극이 닥친다. 중3 아들이 학교 옥상에서 떨어져 혼수상태에 빠진 것. 억장이 무너지는 부모에겐 모든 게 의심스럽지만, 경찰도 학교도 우호적이지 않은 상황. 감춰진 진실을 반드시 밝혀내야 한다.",1,0
68,화유기,"천상천하 유아독존! 세상 혼자 잘난 요괴 손오공과 요괴 중의 요괴 우마왕이 맞붙는다. 여기에 요괴를 보는 여인 삼장까지. 운명을 걸어라, 암흑의 세상에서 빛을 찾아라!",1,0
69,구경이,경찰 출신의 보험조사관 구경이. 바깥세상과 단절된 채 지내던 그녀가 세상에 나와 연쇄 살인마를 쫓기 시작한다. 완벽하게 사고로 위장된 사건. 범인은 우리 주변에 있다!,1,0
70,"그 겨울, 바람이 분다","여자, 술, 포커가 인생의 전부인 사기꾼. 시각장애를 가진 재벌가 상속녀에게 접근해 한몫 챙길 심산이다. 하지만 자기를 닮은 그녀의 모습에 미묘한 감정을 느끼고, 계획에서 멀어지기 시작한다. 자신의 목숨이 걸린 일이란 것도 잊은 채.",1,0
71,루갈,테러 집단 아르고스에 모든 것을 빼앗긴 사람들. 생명공학 기술로 다시 태어난 그들이 특수 조직 루갈에 모인다. 눈물은 오래전에 말라버렸다. 이제는 복수를 위해 산다.,1,0
72,왕이 된 남자,암살 위협으로 광기와 두려움에 사로잡힌 조선의 임금. 자신을 쏙 빼닮은 광대 하선에게 왕의 대역을 맡으라 명한다. 권력 다툼의 소용돌이에 휘말려 가짜 왕 노릇을 하게 된 광대의 이야기.,1,0
73,변혁의 사랑,"취미는 시 암송, 세상이 꽃밭인 재벌 3세 변혁 앞에 운명의 여인 백준이 나타났다! 고학력, 고스펙으로 알바계를 평정한 백준과 변혁 사고 처리 전담반 엘리트 제훈까지. 두 사람과 함께하면서 변혁이 미처 알지 못했던 세상이 펼쳐진다.",1,0
74,사의 찬미,"그는 그녀의 노래였고, 그녀는 그의 시였다. 일제강점기의 어두운 조국, 서로의 심연을 알아본 두 사람. 극작가 김우진과 성악가 윤심덕은 운명적인 사랑에 빠져든다.",1,0
75,엽기적인 그녀,조선 시대에도 ‘엽기적인 그녀’가 있었다? 공주 신분에 월담과 외박을 일삼고 욱하는 성격에 불의를 보면 주먹질은 기본. 그런 그녀의 엽기적 행각에 걸려든 남자가 있었으니 까칠한 도성 남자. 두 사람의 엽기발랄 연애담이 시작된다.,1,0
76,월간집,세상에서 가장 마음 편히 쉴 수 있는 공간. 영원은 집에서 산다. 세상에서 가장 돈이 되는 수단. 자성은 집을 산다. 집에 대한 가치관이 너무도 다른 두 남녀의 내 집 마련 로맨스.,1,0
77,일단 뜨겁게 청소하라,"청결에 죽고 사는 청소업체 CEO 남자. 청결이 먹는 건지 입는 건지 관심 없는 취준생 여자. 물과 기름 같은 둘이 만나 옥신각신하더니 어라, 달달한 기운이? 남자가 결벽증을 버리려나, 여자가 더러움을 벗으려나? 궁금하다, 궁금해!",1,0
78,그냥 사랑하는 사이,"건물 붕괴 사고에서 살아남은 후, 상실의 고통을 극복하려는 남녀. 더 나은 미래를 향해 나아가는 한편, 서로에게서 지지를 얻고 사랑을 찾는다. 언젠가 우리도 다시 행복해질 수 있을까.",1,0
79,청춘기록,어쩌다 이렇게 됐냐고? 내가 어때서! 배우와 메이크업 아티스트라는 꿈을 좇는 청춘들. 삶은 고달프고 팍팍하지만 당차게 세상과 맞선다. 꿈과 사랑을 모두 쟁취하기 위해.,1,0
80,신데렐라와 네 명의 기사,"집에서는 새엄마와 의붓언니한테 시달리고, 밖에선 갖가지 알바를 뛰며 등록금 벌기 바쁜 하원. 씩씩한 성격 덕에 재벌 회장의 눈에 들어 인간 개조 프로젝트를 맡게 된다. 틈만 나면 지지고 볶는 재벌가 손자 셋을 인간으로 만들어라!",1,0
81,바벨,오직 가족의 복수라는 목표를 위해 검사가 된 남자. 배우에서 재벌가 며느리가 되었지만 불행한 삶을 사는 여자. 두 남녀의 운명 같은 사랑과 탐욕스러운 재벌가의 암투를 그린 미스터리 격정 멜로 드라마.,1,0
82,아름다웠던 우리에게,"사랑, 달콤할 거라 믿었는데. 사랑, 뭐 이리 어렵기만 한 걸까. 그래도 끝까지 친구로 남고 싶진 않은데. 옆집 소년을 마음에 품은 10대 소녀. 그 첫사랑의 나날 속으로.",1,0
83,알함브라 궁전의 추억,"저돌적인 투자회사 대표 진우. 익명의 AR 게임 개발자를 찾던 그는 그라나다까지 온다. 그곳에서 호스텔을 운영하는 희주. 둘이 만난 순간, 마법 같은 이야기가 시작된다.",1,0
84,바람이 분다,"얼굴만 봐도 행복했던 그 시절은 가고, 이제 서로에게 까칠해진 부부. 알츠하이머 진단을 받은 남편은 아내를 그만 놓아주기로 한다. 이유는 알리지도 않은 채. 그리고 몇 년 후, 우연히 만난 두 사람은 다른 빛깔의 사랑을 시작한다.",1,0
85,첫사랑은 처음이라서,"스무 살 독립, 문란해질 준비는 끝났다. 화끈한 로맨스를 꿈꾸는 태오. 하지만 친구들이 각자의 사정으로 집에 쳐들어오면서, 기대하지 않았던 좌충우돌 동거가 시작된다.",1,0
86,마음의소리,"개성 만점인 식구들 덕에 하루도 조용할 날이 없는 조석네 가족. 남들은 평범하게 잘만 지내던데, 왜 우리 집에는 늘 별난 일이 일어나는 거야? 서울특별시 은평구 연신내. 오늘도 예측 불가한 하루가 시작된다!",1,0
87,경우의 수,"고등학교 때 만난 우연과 수. 우연은 수를 10년간 짝사랑하며 두 번이나 고백했건만 번번이 차였다. 수 따윈 완전히 잊겠다 하지만, 그게 말처럼 쉬울 리가. 그런데 수도 우연을 좋아하고 있었다면? 두 사람, 10년 동안 삽질한 거야?",1,0
88,오 마이 베이비,열심히 일하며 정신없이 살다 보니 10년째 솔로에 마흔이 코앞. '미혼'이라는 꼬리표가 지긋지긋하지만 급한 건 결혼이 아니라 임신이다. 남자는 포기해도 아이는 포기 못 하는 39세 장하리. 이제 결혼은 패스하고 아이만 갖는 걸로!,1,0
89,으라차차 와이키키2,운도 지지리 없는 청춘. 똘기로 똘똘 뭉친 청춘. 제대로(?) 빌빌대는 청춘. 세 청춘이 폭망 직전의 게스트하우스에서 이보다 골 때릴 수 없는 이야기를 엮어낸다. 포복절도의 끝판왕을 경험하고 싶다면? 게스트하우스 와이키키로 오세요!,1,0
90,그녀의 사생활,"부모로부터 덕후 DNA를 물려받았다고 믿는 성덕미. 그녀의 덕후 역사는 길고 화려했다. 미술관 큐레이터 일과 아이돌 덕후로서의 이중생활에 전혀 소홀함이 없었는데 그녀의 덕질 인생에 한 남자가 들어왔다. 이 감정, 덕후 습관일 뿐일까?",1,0
91,결혼백서,연애의 행복한 결말은 프러포즈 아니던가. 하지만 이 커플에게 프러포즈는 끝이 아닌 시작. 결혼 준비라는 힘겨운 전쟁의 서막이었다.,1,0
92,나빌레라,"이대로 주저앉지 않으리. 꿈을 가진 일흔 노인과 재능을 가진 스물셋 청년. 냉혹한 현실을 밟고 일어선다, 서로를 일으킨다. 그들은 발레리노가 되어 날아오를 수 있을까?",1,0
93,빙의,"영매의 능력을 감추고 살아가는 서정. 그녀는 남다른 영적 기운을 지닌 형사 필성을 만난다. 우연일까 운명일까. 과거의 악몽이 부활하면서, 둘은 필연적 공조를 시작한다.",1,0
94,보건교사 안은영,언뜻 보면 모두가 행복한 고등학교다. 그녀의 눈에만 보이는 찐득한 젤리와 악귀만 없다면. 학생들을 지키기 위해 플라스틱 칼을 든 보건교사 안은영. 오늘도 해치워 버려!,1,0
95,내성적인 보스,"뒤집어쓴 후드에, 굳게 닫힌 사무실 문. 여기 너무 내성적이어서 직원 얼굴도 못 쳐다본다는 회사 대표가 있다. 하지만 그의 은둔 생활은 지속될 수 없었으니. 닫힌 문은 열어 봐야 직성이 풀리는 여자. 붙임성 갑인 그녀가 입사했다!",1,0
96,불야성,"냉혹한 상속녀 이경, 그녀를 사랑한 남자 건우, 이경이 되고 싶은 여자 세진. ‘권력과 금력의 용광로’ 속으로 부나비처럼 뛰어드는 세 남녀의 이야기가 펼쳐진다.",1,0
97,너를 닮은 사람,"성공한 화가가 되어 남부럽지 않은 인생을 사는 여자. 그리고 그 여자와의 만남으로, 찬란했던 삶의 빛을 잃은 여자. 이 두 여자가 다시 만난 순간, 모든 것이 뒤틀리기 시작한다.",1,0
98,리갈하이,돈 앞에서는 양심도 체면도 없는 승소율 100%의 고참 변호사. 그리고 정의감으로 똘똘 뭉친 허당기 만빵의 신참 변호사. 극과 극의 두 변호사가 때론 유쾌하고 때론 살벌한 케미를 만들어 간다. 동명의 일본 드라마를 리메이크한 작품.,1,0
99,"멈추고 싶은 순간 : 
어바웃 타임","100여 일 남은 자신의 수명 시계를 지켜볼 수밖에 없는 여자. 그 시계를 멈추게도, 거꾸로 가게도 할 수 있는 남자. 우연한 만남으로 시작된 두 사람의 사랑은 운명을 이겨낼 수 있을까. 붙잡아 두고픈 사랑의 순간을 그려낸 로맨스.",1,0
100,마성의 기쁨,"뇌를 다쳐 자고 나면 어제 일이 기억나지 않는 남자. 하루아침에 국민 첫사랑에서 100만 안티 연예인으로 전락한 여자. 모든 게 바뀌어 버린 그 날 이후, 3년 만에 다시 만난 두 사람. 이건 운명의 장난일까, 신이 내린 선물일까.",1,0
101,아르곤,"국민 앵커 김백진, 그가 진두지휘하는 탐사보도팀 아르곤, 여기 투입된 계약직 기자 연화. 뒤틀린 구조 속에서도 진실을 찾는 기자들의 피땀 눈물이 생생하게 그려진다.",1,0
102,봄날은 간다,사운드 엔지니어 상우와 라디오 PD 은수는 지금 이별 중이다. 어떻게 사랑이 변하냐고 묻는 상우에게 단호히 헤어지자는 은수. 계절처럼 이들의 사랑도 변하고 있다. 겨울 뒤에 찾아온 봄날도 언젠가 가야 하는 것처럼.,1,0
103,내일 지구가 망해버렸으면 좋겠어,"국적, 다 다르다. 성격, 제각각이다. 외국인 학생들이 모인 한국의 한 대학 국제 기숙사. 이곳에서 그들은 우정을 쌓고, 사랑에 들뜨고, 세상을 배운다. 대부분 엉망진창 뒤죽박죽이지만?",1,0
104,조선혼담공작소 꽃파당,조선에도 매파가 있었다. 그것도 어엿한 양반집 자제 매파가! 여인들의 눈길을 사로잡는 외모와 타의 추종을 불허하는 성혼율. 매파 중에서도 제일 잘나가는 그에게 골치 아픈 일이 생겼으니. 대장장이 이수가 혼례를 앞두고 사라져 버린 것.,1,0
105,"우리, 사랑했을까",나쁜데 끌려. 잘났는데 짠해. 어린데 설레. 무서운데 섹시해. 뭔 소리냐고? 되는 일 하나 없던 14년 차 싱글맘에게 4명의 남자가 나타났단 말씀. 로맨스를 기대해 보자고.,1,0
106,도시괴담,"도시에 사는가? 그렇다면 도시괴담 하나 정도는 들어봤을 터. 평범한 일상에서 뭔가를 봤다는 이야기. 하지만 누구도 직접 본 적은 없다. 목격했다면 이미 이 세상 사람이 아닐지니. 볼 수 없는 것을 눈으로 확인할 기회, 지금뿐이다.",1,0
107,악몽선생,새로운 선생님이 부임한 뒤로 학생들의 꿈이 현실로 나타나기 시작한다. 반장인 예림은 너무 늦기 전에 이 악몽 같은 미스터리를 풀어야 한다.,1,0
108,하트가 빛나는 순간,이름과는 달리 존재감 제로의 고등학생 빛나라. 모두의 이목이 쏠린 웹 예능 '고하트'에 덜컥 도전장을 내밀긴 했는데... 뭘 해야 하트 수 1위가 될 수 있을까?,1,0
109,마이 온리 러브송,"오만 방자한 여배우 수정은 신작 드라마 촬영 현장이 자기 뜻대로 돌아가지 않자 멋대로 달아나버린다. 낡은 밴에 올라탄 그녀, 그것이 시간 여행의 시작일 줄이야.",1,0
110,애타는 로맨스,어차피 한번 보고 말 사이니까! 외로움과 분위기에 취해 낯선 남자와 하룻밤을 보낸 유미. 아무도 모르게 혼자만의 기억으로 간직하려고 했던 그날의 상대를 첫 직장에서 만나버렸다. 심지어 직장 상사로. 나 이제 어떡하면 좋지?,1,0
111,수업중입니다,학생들이 두 명씩 파트너를 이루어 데이트를 하는 대학 수업. 친절하고 다정한 선배와 짝이 된 한 학생은 마음이 흔들리기 시작한다.,1,0
112,페르소나,"재능과 개성이 넘치는 4명의 감독, 그들이 만든 4편의 작품. 그 속에서 1명의 뮤즈가 4개의 페르소나로 변신한다. 때론 귀엽게 때론 묘하게, 삶과 사랑을 이야기한다.",1,0
113,넌 내게 반했어,재능있는 뮤지션 이신은 국악을 연주하는 사랑스러운 소녀 이규원을 만나게 된 후로 현대 음악만을 추구했던 자신의 음악 세계에 변화를 느끼기 시작한다.,1,0
114,마음의 소리: Reboot,"웹툰 작가 조석의 진짜 ‘마음의 소리’는 무엇? 엉뚱한 가족, 사랑스러운 애인, 얼간이 친구들과 함께하는 파란만장한 나날이 시작된다. 새로운 배우들로 리부트 완료!",1,0
115,IDOL [아이돌: The Coup],"망돌이라 불리는 망한 걸 그룹의 멤버들. 해체를 결심하고 마지막으로 1위 도전에 나선다. 실패한 경력, 실패한 꿈에 제대로 마침표를 찍기 위해.",1,0
116,더 미라클,성격도 외모도 정반대인 이란성 쌍둥이 자매. 달라도 너무 다른 삶을 살아가던 어느 날 둘의 영혼이 뒤바뀌고 만다.,1,0
117,헤어진 다음날,인디 밴드의 리더인 유탄은 뜻하지 않게 반복되는 시간 여행을 통해 여자친구를 불행한 운명에서 구해내야만 한다. 타임 슬립을 소재로 한 판타지 로맨스.,1,0
118,맛있는 영화,"한밤중에도 잠 못 이루는 청춘, 이별을 앞둔 커플, 늘 자식 자랑이 먼저인 두 중년 여성. 3가지 소울푸드를 재료로 한 맛있는 이야기가 마음이 고픈 당신에게 따뜻한 한 끼를 선사한다.",1,0
119,마이 런웨이,자기밖에 모르는 남자 톱모델과 모델을 꿈꾸는 예쁜 소녀가 몸을 다시 뒤바꿀 방법을 찾을 때까지 상대방의 인생을 살아야 하는 처지에 놓인다.,1,0
120,비정규직 아이돌,"아이돌 제조기에 발동이 걸렸다! 잠적했던 스타 프로듀서가 복귀한 것. 구제 불능 연습생을 혼성 아이돌 그룹으로 데뷔시킨다니! 이 프로젝트, 성공하는 게 더 이상합니다?",1,0
121,YG전자,"빅뱅의 막내 승리, YG 전략자료본부실의 고문이 되다! 다 양 회장님 눈에 든 덕? 기대 가득 첫 출근, 그런데 여기 좀 이상해! YG 스타들이 총출동하는 리얼 시트콤.",1,0
122,스파크,"음악 천재와 함께 별똥별에 맞은 후 젊은 여성의 일상에는 새로운 활기가 찾아오지만, 별똥별의 부작용으로 그녀의 연애 전선에는 문제가 생기게 된다.",1,0
123,미스터 션샤인,"1871년, 한 소년이 미국 군함을 타고 조선을 떠난다. 세월이 흐르고, 미군 장교가 되어 조국으로 돌아온 남자. 격변하는 역사 속에서, 그는 운명을 뒤흔들 여인을 만난다.",1,0
124,킹덤: 아신전,비극과 배신이 삶을 덮친다. 기이하고 불길한 뭔가를 발견한다. 한순간에 가족과 동족을 잃은 여인. 오직 복수를 꿈꾸며 살아온 그녀가 짙은 어둠을 마주한다. 《킹덤》의 스페셜 에피소드.,1,0
125,우리들의 블루스,"사랑은 달콤하면서도 씁쓸하고, 인생은 좋을 때도 슬플 때도 있는 법. 바쁘게 돌아가는 섬 제주에서 하루하루 살아가는 우리들의 이야기가 펼쳐진다.",1,0
126,소년심판,"지방법원 소년부의 엄정한 판사. 복잡다단한 사건들을 다루며, 소년범에 대한 반감, 정의와 형벌에 대한 굳건한 신념 사이에서 균형을 잡아간다.",1,0
127,그 해 우리는,"고등학교 시절, 연수와 웅은 둘의 일상을 공개한 다큐멘터리를 찍었다. 그로부터 10년 후, 각자의 길을 간 두 사람은 어디서 무얼 하고 있을까? 고등학교 시절 촬영한 다큐멘터리가 역주행하며 화제가 됐다. 서로 안 좋게 헤어졌건만, 어쩔 수 없이 다시 카메라 앞에 선 두 사람. 그렇게 서로의 삶에 다시 모습을 드러내기 시작한다.",1,0
128,사랑의 불시착,"뜻밖의 돌풍은 행운일까, 불운일까. 패러글라이딩 사고로 북한에 불시착한 재벌 딸. 그곳에서 깐깐한 북한군 장교를 만난다. 이 와중에 피어오르는 낯선 감정은 뭐지?",1,0
129,한사람만,살인 사건에 얽히게 된 살인청부업자. 죽기 전에 각자 한 사람씩 죽이기로 한 시한부 여성 셋을 만나게 된다.,1,0
130,D.P.,탈영병을 잡는다. 이등병 준호에게 떨어진 새로운 임무. 그는 탈영병들을 추적하며 지독하게 고통스러운 현실을 마주한다. 그리고 아무리 도망쳐도 벗어날 수 없다는 것도 알게 된다.,1,0
131,나의 해방일지,어른이 된 후 매일매일 되풀이되는 단조로운 일상에 지친 세 남매. 한없이 평범한 삶 속에서 특별한 성취와 자유를 찾아 나선다.,1,0
132,내 아이디는 강남미인,성형 사실을 아빠에게 밝힌 미래. 학교에선 웬 선배가 마구 들이댄다. 게다가 도경석이랑은 왜 자꾸 엮이는 건지. 내 과거를 아는 이 녀석 때문에 대학 생활도 망하면 어쩌지?,1,0
133,모범가족,돈이 절실히 필요한 대학 강사가 우연히 마약 조직의 거금을 손에 넣는다. 파탄 직전에 이른 가족을 구할 유일한 방법은 이제 마약 운반책이 되는 것뿐이다.,1,0
134,좋아하면 울리는,"누가 내 좋알람을 울려줄까? 설레는 친구들과 달리 조조의 하루는 고단하고 바쁘다. 미국에서 돌아온 선오는 곧바로 혜영을 찾아가지만, 낯선 친구의 모습을 보게 된다.",1,0
135,지금 우리 학교는,좀비 바이러스 발생의 시발점이 된 고등학교. 이곳에 갇힌 학생들은 필사적으로 탈출구를 찾아야만 한다. 그렇지 않으면 감염되어 좀비가 될 뿐.,1,0
136,오징어 게임,빚에 쫓기는 수백 명의 사람들이 서바이벌 게임에 뛰어든다. 거액의 상금으로 새로운 삶을 시작하기 위해. 하지만 모두 승자가 될 순 없는 법. 탈락하는 이들은 치명적인 결과를 각오해야 한다.,1,0
137,이 구역의 미친 X,분노조절장애 때문에 미칠 지경인 남자. 강박과 망상 때문에 미칠 지경인 여자. 이 두 사람이 하필 이웃에 산다. 게다가 같은 정신과 의사에게 상담받고 있다니? 조용히 살긴 글렀네!,1,0
138,인간수업,"학교 안에서는 모범생, 학교 밖에서는 영리한 범죄자. 그의 비밀스러운 이중생활은 완벽했다. 같은 반 친구가 그의 위험한 사업에 관심을 갖기 전까지는.",1,0
139,마이 네임,최악의 생일이었다. 생일을 축하해주러 찾아온 아빠의 죽음을 눈앞에서 목격한 윤지우. 복수에 혈안이 된 그녀는 무모한 행동도 서슴지 않는다. 범인을 찾을 가능성만 있다면.,1,0
140,모범형사2,"돈도 빽도 없지만, 형사라는 자부심 하나로 사는 인천서부서 모범형사들이 다시 뭉쳤다. 나쁜놈은 잡고 억울한 사람은 풀어준다. 그 생각 하나로 똘똘 뭉쳐, 억울한 피해자의 무죄를 끌어내 진범을 잡아냈던 강도창, 오지혁. 연쇄살인 속에 숨겨진 또 다른 진실을 파헤친다. 때론 정의가 패배하고, 사람들은 냉혹한 현실에 좌절하지만 믿고 싶다. 아니 믿는다. 정의만큼 강한 무기는 없다!",0,1
141,환혼,"역사에도 지도에도 존재하지 않은 대호국을 배경으로, 영혼을 바꾸는 ′환혼술′로 인해 운명이 비틀린 주인공들이 이를 극복하고 성장해가는 판타지 로맨스 활극",0,1
142,조선 정신과의사 유세풍,"침 못 놓는 천재 의원 유세풍, 이상하고 아름다운 계수의원에서 반전과부 서은우, 괴짜 스승 계지한을 만나 심의로 거듭난다. 아픈 자들에겐 따뜻한 처방을, 나쁜 놈들에겐 통쾌한 한방을 날리는 조선시대 정신과의사들의 행복 처방전!",0,1
143,개미가 타고 있어요,"미스터리한 모임 속 다섯 명의 개미(개인 주식 투자자)가, 주식을 통해 인생을 깨닫는 ′떡상기원 주식공감 드라마′",0,1
144,아다마스,"계부를 죽인 친부의 누명을 벗기기 위해 진범을 찾는 형, 그리고 살해 증거인 ′아다마스′를 찾는 동생. 둘이자 하나인, 쌍둥이 형제의 진실 추적기.",0,1
145,술꾼도시여자들,하루 끝의 술 한잔이 인생의 신념인 세 여자의 일상을 그린 본격 기승전술 드라마,0,1
146,유미의 세포들 시즌2,세포들과 함께 먹고 사랑하고 성장하는 평범한 유미(김고은 분)의 이야기를 그린 세포 자극 공감 로맨스 시즌2. 바비(박진영 분)와 새로운 사랑을 시작하게 된 유미! 유미의 한층 성숙한 사랑과 꿈을 응원하는 세포들의 이야기.,0,1
147,명천야상견도니,"씩씩하고 당당한 딩랴오랴오는 학창시절 선배인 롄거야오를 롤모델로 삼아 방송을 전공하고, 졸업 후 장샤tv의 새 PD로 발탁돼 ′장샤 소식′이라는 민생 프로그램을 책임지고 있다. 그러던 중 우연찮게 딩랴오라오와 동생 딩만의 집에 롄거야오와 장칸이 하우스메이트로 들어오게 된다. 딩랴오랴오는 약제학박사 장칸과 일적으로 자주 호흡을 맞추며 티격태격 서로에게 호감을 갖게 되고, 태권도 사범 딩만과 롄거야오는 서로 짝사랑을 하다가 달달한 연애를 시작한다.",0,1
148,괴이,"저주 받은 불상이 나타난 마을에서 마음속 지옥을 보게 된 사람들과, 그 마을의 괴이한 사건을 쫓는 초자연 스릴러",0,1
149,응답하라 1988,"쌍팔년도 쌍문동, 한 골목 다섯 가족의 왁자지껄 코믹 가족극 <응답하라1988>",0,1
150,지구에 떨어진 사나이,천재 과학자 ′저스틴 폴스′를 찾아 자신의 종족을 지켜내야하는 중요한 임무를 가지고 지구에 떨어진 외계인 ′패러데이′ 모두를 위해 외계인 ′패러데이′는 먼저 ′인간′ 이 되기 위해 노력해야한다.,0,1
151,유미의 세포들,세포들과 함께 먹고 사랑하고 성장하는 평범한 유미(김고은 분)의 이야기를 그린 세포 자극 공감 로맨스,0,1
152,악의 꽃,14년간 사랑해 온 남편이 피도 눈물도 없는 연쇄살인마로 의심된다면? 사랑마저 연기한 남자 희성과 그의 실체를 의심하기 시작한 아내 지원. 외면하고 싶은 진실 앞에 마주 선 두 사람의 고밀도 감성 추적극이 시작된다.,0,1
153,검색어를 입력하세요 WWW,"트렌드를 이끄는 포털사이트, 그 안에서 당당하게 일하는 여자들과 그녀들의 마음을 흔드는 남자들의 리얼 로맨스",0,1
154,환혼: 술사 일지,환혼 술사일지,0,1
155,슬기로운 의사생활 시즌2,"누군가는 태어나고 누군가는 삶을 끝내는 인생의 축소판이라 불리는 병원에서, 평범한 듯 특별한 하루하루를 살아가는 사람들과 눈빛만 봐도 알 수 있는 20년지기 친구들의 케미스토리를 담은 드라마",0,1
156,라이프 온 마스,"꿈인지 현실인지 알 수 없는 1988년, 기억을 찾으려는 2018년 형사가 1988년 형사와 만나 벌이는 신나는 복고 수사극",0,1
157,환혼: 술사들의 이야기,환혼 술사들의 이야기,0,1
158,친애적의기군,"보름달이 뜨던 날 밤, 오족 성녀 미칠칠은 물에 빠져 죽은 의기왕의 측비 추청리의 몸에 들어간다. 내가 저 폭군 여오의 측비라고? 사라진 성녀 란서를 찾아 오심도로 돌아가려는 미칠칠의 앞에 험난한 여정이 펼쳐진다.",0,1
159,응답하라 1994,"2013년 가을, [응답하라]가 돌아온다. 1997년 배경을 전면에 내새워 90년대를 제대로 추억하게 했던, 대한민국 응칠앓이로 들썩이게 했던 [응답하라 1997] 두 번째 이야기! 이번엔 1994년이다. X세대와 신세대가 젊음의 상징이었고 그 발칙한 신인류에게도 디지털보단 아날로그 소통이 익숙했던 그 때, 20세기에서 가장 다사다난했던, 1994년으로 돌아간다. 길보드 차트에선 김건모의 노래가 흘러나오고 농구장은 오빠 부대 함성으로 가득 찼었던 그 시절, 486486삐삐 호출 메시지에 밤 새 잠을 뒤척이고 캠퍼스엔 토익 점수보단 낭만이, 학점보단 꿈이 우선이었던 1994년! [응답하라 1994]여! 또 다시 응답하라!",0,1
160,오 나의 귀신님,′내 안에 음탕한 처녀 귀신이 산다!′ 음탕한 처녀 귀신에 빙의 된 소심한 주방 보조 ′나봉선′과 자뻑 스타 셰프 ′강선우′가 펼치는 응큼발칙 빙의 로맨스,0,1
161,[무삭제판] 해피니스,선악으로 나뉜 두 명의 복제 인간과 딸을 납치당한 형사의 이야기를 다룬 복제인간 추격 스릴러 드라마,0,1
162,어느 날 우리 집 현관으로 멸망이 들어왔다,선악으로 나뉜 두 명의 복제 인간과 딸을 납치당한 형사의 이야기를 다룬 복제인간 추격 스릴러 드라마,0,1
163,응답하라 1997,가짜 뉴스가 범람하는 세상에서 오직 팩트를 통해 진실을 밝히고자 하는 탐사보도팀 ′아르곤′의 치열한 삶을 그려낸 드라마,0,1
164,신석연,"그의 스캔들, 그녀의 스토리 tvN 10주년 특별기획 <굿와이프>",0,1
165,낮과밤,"의문의 연쇄 예고 살인, 비극은 28년 전 시작되었다. 미스터리한 살인 사건을 쫓는 형사들. 그들은 28년 전 한 마을에서 일어난 의문의 사건과 마주하고, 함께 그 비밀을 파헤친다. 눈부시게 어두운 진실, tvN <낮과 밤>",0,1
166,로맨스가 필요해 2012,"33살 동갑내기 세 여자의 사랑과 결혼, 일과 우정 등을 그린 로맨틱 코미디 드라마",0,1
167,구미호뎐,도시에 정착한 구미호와 그를 쫓는 프로듀서의 판타지액션로맨스,0,1
168,해피니스,"감염병이 일상화된 뉴노멀 시대, 고층을 일반 분양으로 저층을 임대주택으로 나눈 대도시 신축 아파트에서 벌어지는 계급 간 차별과 은근한 신경전을 그린 드라마",0,1
169,하늘에서 내리는 일억개의 별,"“인간도 아니야, 너는!” “뭘 느껴야 하는데요? 내가 적어도 조금이라도 사람이면?” 어차피 인간 따위 관심 없다. 인간이란 거 좋아하지도 믿지도 않는다. 이 세상, 아무리 둘러봐도 탐나는 게 없다. 잃어버릴까 두려운 것도 없다. 그러던 어느 날 한 여자가 말한다. “약속해. 좋은 사람이 되겠다고.” 좋은 사람이 되라고? 사람이 무엇인지도 모르는데 하물며 좋은 사람이 되라니, 어떻게? 하지만 그러겠다고 말한다. 뭔지는 모르지만, 그녀가 원하는 것이 되고 싶다. 그래서 결국 남자는 사람이 된다. 좋은 사람까지는 모르겠지만 적어도 분명 자기가 사람임은 깨닫게 된다는, 그런 이야기이다. 탐나는 게 아무것도 없던 사람에게 세상 무엇과도 바꿀 수 없이 소중한 것이 생겨나는 이야기, 누군가에게는 너무 당연해서 아무것도 아닐, 그 작고 소박한 마음을 품는 것이 또 다른 누군가에게는 얼마나 어렵고 소중한 것인지를 새삼 깨닫게 하는 이야기. 모든 것을 잃은 밤, 이들의 찬란한 사랑이 쏟아져 내린다!",0,1
170,보이스4,범죄 현장의 골든타임을 사수하는 112 신고센터 대원들의 치열한 기록을 그린 소리 추격 스릴러. 초청력으로 잔혹한 범죄를 저지르는 살인마의 등장! 자신과 같은 능력을 가진 범죄자로 인해 궁지에 몰린 보이스 프로파일러와 타협을 불허하는 원칙주의 형사의 새로운 골든타임 공조가 시작된다.,0,1
171,보이스 3,범죄 현장의 골든타임을 사수하는 112 신고센터 대원들의 치열한 기록을 그린 소리 추격 스릴러. 뛰어난 청력으로 범인을 추격하는 보이스 프로파일러와 악한 본능이 깨어난 형사가 사이버 범죄 ′다크 웹′ 배후의 초국가적 악의 카르텔과 맞서 싸우는 과정을 그린다.,0,1
172,청춘시대 2,"외모부터 성격, 전공, 남자 취향, 연애 스타일까지 모두 다른 5명의 매력적인 청춘들이 셰어하우스 벨에포크에 모여 살며 벌어지는 청춘셰어라이프, 1년 후",0,1
173,롯폰기 클라쓰,절망의 늪에 몰린 청년이 복수를 다짐하며 돈과 권력을 휘두르는 거대 기업에 굴하지 않고 동료와 함께 맞서 나가는 이야기.,0,1
174,마우스,"자타 공인 바른 청년이자 동네 순경인 정바름(이승기)과 어린 시절 살인마에게 부모를 잃고 복수를 향해 달려온 무법 형사 고무치(이희준)가 사이코패스 중 상위 1 퍼센트로 불리는 가장 악랄한 프레데터와 대치 끝, 운명이 송두리째 뒤바뀌는 모습을 그려낸 본격 인간헌터 추적극",0,1
175,악마판사,"가상의 디스토피아 대한민국, 전 국민이 참여하는 라이브 법정 쇼와 함께 등장한 ′악마판사′ 강요한. 그는 모두가 원하는 영웅인가, 법관의 가면을 쓴 악마인가?",0,1
176,별똥별,"하늘의 별과 같은 스타들의 뒤에서 그들을 빛나게 하기 위해 피, 땀, 눈물을 흘리는 사람들의 리얼한 현장 이야기를 그린 로맨틱 코미디",0,1
177,청춘시대,"외모부터 성격, 전공, 남자 취향, 연애 스타일까지 모두 다른 5명의 매력적인 여대생이 셰어하우스에 모여 살며 벌어지는 유쾌하고 발랄한 청춘 동거드라마",0,1
178,이가인지명,그렇게 우리는 가족이 되었다 <이가인지명>,0,1
179,장미맨션,"사라진 언니를 찾기 위해 돌아오고 싶지 않던 집에 온 지나가 형사 민수와 함께 수상한 이웃들을 추적하면서 예상치 못한 진실을 마주하게 되는 미스터리 스릴러 총 12부작. 1~4화 (5/13), 5~8화 (5/20), 9~12화 (5/27) 공개",0,1
180,런 온,"서로 다른 세계에 살던 사람들이 각자의 언어로 소통하고 관계를 맺으며, 사랑을 향해 ′런 온′하는 로맨스 드라마",0,1
181,내 아이디는  강남미인,"어릴 적부터 ′못생김′으로 놀림을 받았고, 그래서 성형수술로 새 삶을 얻을 줄 알았던 여자 ′미래′가 대학 입학 후 꿈꿔왔던 것과는 다른 캠퍼스 라이프를 겪게 되면서 진짜 아름다움을 찾아가는 예측불허 내적 성장 드라마 새 얼굴이면 새 삶이 펼쳐질 줄 알았건만! 못생겼다는 놀림에서 해방되려 성형 수술을 했지만, 이젠 자연 미인이 아니라 조롱받는다. 난 결코 평범해질 수 없는 운명일까. 스무 살 청춘의 설상가상 외모 트라우마 탈출기, 지금 시작됩니다!",0,1
182,이브,"13년의 설계, 인생을 건 복수. 대한민국 0.1%를 무너뜨릴 가장 강렬하고 치명적인 고품격 격정멜로 복수극",0,1
183,날씨가 좋으면 찾아가겠어요,"서울 생활에 지쳐 북현리로 내려간 해원이, 독립 서점을 운영하는 은섭을 다시 만나게 되며 펼쳐지는 가슴 따뜻한 힐링 로맨스",0,1
184,써치,"최전방 비무장지대에서 벌어진 미스터리한 실종과 살인사건, 그 비밀을 밝히기 위한 최정예 수색대의 사투를 그린 밀리터리 스릴러",0,1
185,디데이,절망적인 재난 상황 속에서 생명과 신념을 위해 활약하는 DMAT와 구조대 그리고 그 안에서 피어나는 인간애와 생명의 소중함을 다룬 드라마,0,1
186,38 사기동대,"세금 징수 공무원 백성일과 사기꾼 양정도가 합심하여, 편법으로 부를 축적하고 상습적으로 탈세를 저지르는 악덕 체납자들에게 세금을 징수하는 통쾌 사기극",0,1
187,WATCHER (왓쳐),비극적인 사건으로 인해 인생이 무너진 세 남녀가 경찰 내부 비리조사팀이 되어 권력의 실체를 파헤치는 심리스릴러 드라마,0,1
188,전문중적진천천,작가 자신이 쓴 소설에 들어가 주인공의 삶을 겪는 이야기,0,1
189,"러브, 다이닝","천재적인 미각을 가진 린커쑹. 린커쑹은 동창인 쑹이란을 좋아해서 상하이까지 쫓아간다. 그리고 상하이에서 미슐랭 3 스타 셰프인 장첸판을 알게 된다. 장첸판은 린커쑹을 제자로 들여서 요리 비법을 전수한다. 두 사람은 3개월 후에 있는 요리사 대회를 함께 준비한다. 린커쑹은 천재적인 미각을 가졌지만, 요리에는 일자무식이다. 혹독한 훈련을 거쳐 본인만의 특별한 요리 기술을 터득하게 된다. 이런 과정을 통해 점점 자신감을 되찾고, 더 나은 사람으로 발전한다. 쑹이란 또한 점점 린커쑹에게 사랑을 느끼게 된다. 장첸판은 미각을 회복한다. 결국 린커쑹은 요리사 대회에서 우승을 거머쥔다. 그리고 장첸판과 사랑의 결실을 맺게 된다.",0,1
190,힘쎈여자 도봉순,선천적으로 어마무시한 괴력을 타고난 도봉순이 세상 어디에도 본 적 없는 똘끼충만한 안민혁과 정의감에 불타는 인국두를 만나면서 벌어지는 세 남녀의 힘겨루기 로맨스,0,1
191,방법,"한자이름, 사진, 소지품으로 죽음에 이르게 하는 저주의 능력을 가지고 있는 10대 소녀와 정의감 넘치는 사회부 기자가 IT 대기업 뒤에 숨어 있는 거대한 악과 맞서 싸우는 이야기",0,1
192,마녀식당으로 오세요,"대가가 담긴 소원을 파는 마녀식당에서 마녀 희라(송지효)와 동업자 진(남지현), 알바 길용(채종협)이 사연 가득한 손님들과 만들어가는 소울 충전 잔혹 판타지",0,1
193,진정령,"5대 세가가 함께 천하를 다스리고 있던 시기, 밝고 명랑한 위무선과 진중한 성격을 가진 남망기가 만나 친구가 된다. 우연한 기회로 남씨 일가가 지켜온 비밀을 알게 된 두 사람이 힘을 합쳐 사건을 해결하던 중, 위무선은 죄를 뒤집어쓰고 자취를 감춘다. 16년 후, 홀연히 나타난 위무선은 남망기와 다시 만나게 되고 복잡하게 엉켜있는 사건의 진상을 밝혀 나가기 시작하는데…",0,1
194,자백,"한 번 판결이 확정된 사건은 다시 다룰 수 없는 일사부재리의 원칙, 그 법의 테두리에 가려진 진실을 쫓는 자들을 그린 법정수사물",0,1
195,산후조리원,"회사에서는 최연소 임원, 병원에서는 최고령 산모 현진이 재난 같은 출산과 조난급 산후조리원 적응기를 거치며 조리원 동기들과 함께 성장해 나가는 격정 출산 느와르",0,1
196,경여년,"역사를 거스르는 운명, 시대를 초연하는 정의!",0,1
197,스타트렉: 스트레인지 뉴 월드,"전세계가 사랑한 <스타트렉: 디 오리지널 시리즈>, 그 이전의 이야기. <스타트렉: 디스커버리> 시리즈에서 팬들의 가장 많은 사랑을 받았던 세 크루가 새로운 시리즈로 돌아온다. 크리스토퍼 파이크 선장과 넘버원 우나, 과학 장교 스팍과 U.S.S. 엔터프라이즈호의 새로운 모험!",0,1
198,나의 별에게,"한 동안 잠잠하다 했더니, 톱스타 서준이 또 일을 쳤다. 이번엔 폭행이란다...! 그냥 스캔들과는 차원이 다른 문제였다. 윤리적인 문제도 있었고 이미지 타격도 컸다. 당분간 활동은 글렀다 생각한 필현은 서준을 다른집으로 도피시키기로 했다. 바로, 지우가 세 들어 살고 있는 그 집으로! 그러나 두 사람은 처음 본 사이가 아니었다. 그날 아침, 서준이 도로 위에서 급하게 화장실이 필요해 아무 레스토랑으로 뛰어 들어갔던 그 때, 오픈 준비를 하고 있던 쉐프가 지우였다. 자기 볼 일만 보고 그 날의 첫 요리를 버려달라고 부탁한 서준에 꽤나 기분이 상해있었는데, 집에서 본 서준은 더 최악이었다. 샤워 후 먹기 위해 냉장고에 두었던 맥주를 다 마셔버리질 않나. 집에 처음보는 매니저를 부르질 않나.. 심지어 모든 것을 돈으로 보상해준단다. ′′잘못을 했으면 사과가 먼저죠.′′ ′′그건 맥주 네 캔에 만원을 줄 때고. 나는 보통금액의 열배를 주는데?′′ 어차피 세 들어 사는 집이라, 지우에게 나가라 마라 할 권한도 없었고, 지우는 그냥 서준을 상종하지 않고 살아야겠다 다짐한다. 그러나, 낯가림이라곤 1도 없는 서준 끊임없이 지우에게 말을 걸기 시작한다. 요리를 하는 지우 옆에 와서 자신도 같이 먹자, 나 오늘 피자 먹었는데 매운 거 먹음 안돼? 뻔뻔한 말을 잘도 하는 서준. 결국 지우가 모든 것을 포기하고 술 안주, ′바지락 술찜′을 건네는데...",0,1
199,비밀의 숲2,"′′침묵을 원하는 자, 모두가 공범이다.′′ 검경 수사권 조정 최전선의 대척점에서 다시 만난 고독한 검사 황시목(조승우)과 행동파 형사 한여진(배두나)이, 은폐된 사건들의 진실로 다가가는 내부 비밀 추적극",0,1
200,또 오해영,′′모든 것은 오해로 시작되었다!′′ ′오해영′이라는 동명이인의 두 여자와 그들 사이에서 미래를 보기 시작한 남자 ′박도경′이 미필적 고의로 서로의 인생에 얽혀가는 동명 오해 로맨스,0,1
201,특수사건 전담반 TEN,특수사건전담반 TEN,0,1
202,타인은 지옥이다,상경한 청년이 서울의 낯선 고시원 생활 속에서 타인이 만들어낸 지옥을 경험하는 미스터리 (19세 무삭제판),0,1
203,CSI 라스베가스 시즌3,라스베가스에서 일어나는 불가사의의한 사건들을 해결하는 과학수사 드라마로 범죄현장에서 증거를 채취하고 과학적인 분석을 통해 범죄를 풀어가는 열정적인 과학수사대팀의 긴장감 넘치는 이야기.,0,1
204,그래서 나는 안티팬과 결혼했다,누구나 한 번쯤 상상하는 일이 이루어졌다. K-POP 톱스타와 24시간 밀착 동거 리얼리티. 그러나…… 나는 그의 안티팬이다!,0,1
205,번외수사,"수단 방법 가리지 않고, 범인 잡는 꼴통 형사와 한 방을 노리는 열혈PD를 앞세운 다섯 아웃사이더들의 범죄소탕 오락액션",0,1
206,터널,그 놈을 잡으러 30년을 뛰어넘었다! 운명과 시간이 교차하는 곳 <터널>,0,1
207,유리미인살,어릴때부터 여섯가지 감각에 문제가 있었던 소양파 장문의 둘째딸 선기는 게으르고 무공도 높지 않지만 언니인 영롱을 도와 정문에서 각 파에서 온 제자들을 환대하는 역할을 하다가 이택궁의 제자 사봉에 의해 구해지게 된다. 선기는 우연히 주운 명패를 보고 우사봉과 자신의 생년월일이 같음을 알게 되는데…,0,1
208,CSI 뉴욕,"CSI: Crime Scene Investigation의 3번째 스핀오프 시리즈로, 세계 최대의 도시 뉴욕을 배경으로 하는 범죄 수사 드라마이다. 기존의 CSI와 마찬가지로 고도의 의학 기술 및 과학 지식을 활용하여 범죄를 해결해 나가며, <랜섬>, <포가튼> 등에서 완숙한 연기를 보여주었던 게리 시니즈가 주연을 맡았다. 6명의 수사관 모두가 각자의 영역에서 최고로 인정 받는 전문가들이며, 매 사건 해결과정에서 나타나는 각각의 개성과 실력은 흥미와 더불어 감탄을 자아내기에 충분하다.",0,1
209,특수사건 전담반 TEN 2,검거 확률 10% 미만의 강력 범죄를 파헤치는 특수사건 전담반의 활약을 그린 정통 범죄 수사드라마,0,1
210,링크,"18년 만에 다시 시작된 링크, 한 남자가 낯선 여자의 온갖 감정을 느끼며 벌어지는 감정공유 판타지 로맨스",0,1
211,보이스 2,"놓치지 말아야 할 소리, 보이스2",0,1
212,간 떨어지는 동거,999살 구미호 신우여와 쿨내나는 99년생 요즘 인간 이담이 구슬로 인해 얼떨결에 한집 살이를 하며 펼치는 비인간적 로맨틱 코미디,0,1
213,상견니,"연인 왕취안성의 죽음 후, 상처에서 벗어나지 못한 황위쉬안은 의미 없는 하루를 보내며 살고 있다. 그러던 어느 날, 그녀는 익명의 택배를 받고 그 안에 있는 오래된 카세트 플레이어와 테이프를 발견한다. 카세트 플레이어 속 노래를 들으며 버스를 타고 가던 황위쉬안은 과거로 타임슬립을 하게 되고, 그곳에서 천윈루라는 여고생이 되어 왕취안성과 똑같은 얼굴의 동창생 리쯔웨이를 만난다. 잠에서 깨어나 현실로 돌아온 황위쉬안은 이것이 꿈이 아니라는 사실을 깨닫고 왕취안성과 리쯔웨이의 관계를 알기 위해 다시 타임슬립을 시도하는데…",0,1
214,"괜찮아, 사랑이야",작은 외상에는 병적으로 집착하며 호들갑을 떨지만 마음의 병은 짊어지고 살아가는 현대인들의 삶과 사랑을 되짚어보는 이야기,0,1
215,부요황후,"천권국은 오주 대륙을 다스리며 태평성대를 이루지만 제비천이 나타나 오주 대륙을 피로 물들인다. 이때 궁창장로가 현령진엽으로 제비천을 없애고, 제비천의 남은 피가 굳어 오색석이 된다. 천 년 후, 천권국의 태자이자 현령진엽의 계승자인 장손무극은 제비천의 부활을 막기 위해 오색석을 가진 소녀를 찾아 나선다. 현원파의 노비 부요는 우연히 현원파의 실전된 무공인 파구소를 익히게 되지만 파구소를 노리는 현원검파에게 쫓기는 신세가 된다. 부요는 어릴 때부터 가지고 있던 오색석을 가지고 자신 몸속의 오중 봉인을 풀기 위해 오주 대륙을 떠돌게 되는데...",0,1
216,굿와이프,"그의 스캔들, 그녀의 스토리 tvN 10주년 특별기획 <굿와이프>",0,1
217,악마가 너의 이름을 부를 때,악마에게 영혼을 판 스타 작곡가 하립(정경호)이 계약 만료를 앞두고 인생을 걸고 일생일대 게임을 펼치는 영혼 담보 코믹 판타지,0,1
218,수영: 라이벌 로맨스,"남 저우루이, 북 뤄자 - IT 영업계의 전설로 유명한 두 사람이 베이징에서 격돌하게 된다. 매각 위기에 놓인 제커를 구하기 위해 고군분투하는 저우루이와 매번 저우루이와 겨루게 되는 경쟁사 후이캉의 뤄자. 자꾸만 부딪히던 두 사람은 어느덧 서로에게 빠져드는데… 일에 있어서는 서로에게 한 치의 양보도 없는 두 사람이 과연 일과 사랑을 모두 쟁취할 수 있을까?",0,1
219,나를 사랑하지 않는 X에게,"자존감 0, 자기애 0인 대학생 희수가 누구라도 한 달간 자신을 사랑하게 만드는 신비한 작사 노트를 발견한 뒤 찐 남사친 시호를 비롯한 여러 남자들과 얽히며 벌어지는 유통기한 주의 로맨스",0,1
220,CSI 라스베가스 시즌2,라스베가스에서 일어나는 불가사의한 사건들을 해결하는 과학수사 드라마로 범죄현장에서 증거를 채취하고 과학적인 분석을 통해 범죄를 풀어가는 열정적인 과학수사대팀의 이야기,0,1
221,스타트렉: 디스커버리 시즌4,시즌4에서는 U.S.S. 디스커버리호의 선장 버넘과 선원들에게 한 번도 겪어보지 못한 위협이 찾아온다. 연방 우주와 그 외의 세계까지도 영향을 받고 있는 와중에 미지의 적을 타파하고 희망찬 미래를 위해 협력해야 한다,0,1
222,CSI 마이애미,"CBS의 간판 드라마 <CSI 과학수사대>의 스핀오프 시리즈로, 최첨단 과학기술과 전통적인 경찰 수사방식을 접목하여 사건을 해결해 나가는 마이애미-데이드 카운티 경찰 소속 과학수사대의 활약상을 긴박감 넘치는 빠른 호흡으로 담아낸 드라마",0,1
223,향밀침침신여상,"달콤한 향기는 여울지고, 사랑은 재로 남아 흩어지네 <향밀침침신여상>",0,1
224,연애 말고 결혼,억지로 결혼을 강요받는 남자 주인공이 집안을 포기시킬 목적으로 절대 집안에서 허락할 것 같지 않은 지방대 출신 명품 판매장 직원을 애인으로 소개하면서 벌어지는 일을 그린 드라마,0,1
225,신의 퀴즈,사망 원인 불명의 사체를 조사하는 법의관들의 이야기를 다룬 드라마,0,1
226,고교처세왕,18세 본부장님의 아슬아슬 이중생활을 그린 드라마,0,1
227,소녀화불기,"천하를 가질 열쇠, 그녀를 찾아라 <소녀화불기>",0,1
228,우월한 하루,"보통의 남자가 납치된 딸을 구하기 위해 옆집에 사는 연쇄살인마를 죽여야 하는, 가장 우월한 자만이 살아남는 24시간 폭주 스릴러",0,1
229,메이어 오브 킹스타운,"정의가 사라진 도시, 진정한 주인은 누구인가 민영 교도소 사업의 번성 후, 범죄와 부정부패로 가득 찬 도시 킹스타운의 부패한 권력 브로커이자 막강한 권력을 가진 ‘맥클러스키’ 패밀리의 이야기.",0,1
230,유니콘을 타고,"젊은 스타트업 CEO와 부하직원으로 이직해 온 아저씨 회사원, 그리고 주인공들의 성장을 그린 어른들의 청춘 드라마",0,1
231,삼생삼세 십리도화,"생이 수없이 반복되고, 억겁의 시간이 흐른다 해도 너와 함께한 세 번의 생이 복숭아 꽃 같기를... 세번의 생, 하나의 사랑 <삼생삼세 십리도화>",0,1
232,녹비홍수,"알고 있나요, 붉은 꽃은 지고 푸른 잎은 짙어진다는 것을 <녹비홍수>",0,1
233,와이 우먼 킬,"하나의 집, 3명의 여성, 3번의 살인! 현모양처 베스 앤, 사교계의 여왕 시몬, 다자연애를 즐기는 테일러. 이들 유일한 문제는, 남편. 이혼보다 살인을 택한 아내들의 치밀한 계획이 시작된다.",0,1
234,옐로우재킷,"최고의 화제작! 형언할 수 없는 압도적 스릴러! 누구도 알아서는 안될 25년 전의 비밀이 드러난다 유망한 여자고등학교 축구팀 ‘옐로우재킷’이 비행기 추락사고를 겪은 25년 후, 당시 끔찍한 비밀을 모두 알고 있는 누군가가 생존자들을 쫓기 시작하면서 벌어지는 서바이벌 스릴러.",0,1
235,약정기간애상니,"대기업 집안의 가업을 물려받기 싫어하는 무명의 인터넷 소설 작가가 패도총재 스타일의 재벌 2세와 우연히 만나게 된다. 둘은 학창시절부터 알고 지낸 동창 사이였지만, 서로 다른 처지로 인해, 결혼을 서둘러야 했고, 서로 계약서까지 쓰고 나서 계약 결혼을 하게 된다. 계약 기한이 있는 결혼 생활이라, 티격태격 싸우지만, 그 속에서 사랑까지 싹트게 된다.",0,1
236,본 대로 말하라,모든 것을 잃은 천재 프로파일러와 한 번 본 것은 그대로 기억하는 능력을 가진 형사가 죽은 줄 알았던 연쇄살인마를 추적하는 오감 서스펜스 스릴러,0,1
237,식샤를 합시다,"3년 차 이혼녀가 혼자 살면서 겪게 되는 에피소드와 그녀 주변에 있는 이혼남녀, 싱글남녀의 혼자 사는 이야기를 그린 드라마",0,1
238,혼술남녀,tvN 월화드라마 <혼술남녀> 서로 다른 이유로 혼술하는 노량진 강사들과 공시생들의 이야기를 다루는 공감 코믹 드라마,0,1
239,술꾼도시여자들 뒤풀이,"높은 화제를 기록한 티빙 오리지널 <술꾼도시여자들>의 주연배우, 이선빈X한선화X정은지X최시원의 뒤풀이 토크",0,1
240,니시아적성지영루 : 나의 영웅에게,"병원과 경찰 학교에서 함께 기획한 긴급 구조 훈련에서 만난 엘리트 경찰 특공대 대장 싱커레이와 레지던트 미카. 서로 상극인 두 사람은 만나는 일이 잦아지면서 천천히 서로를 이해하게 되고, 싱커레이는 미카에게 호감을 갖는다. 어느 날, 갑작스럽게 발생한 지진이 평화로운 일상을 한순간에 무너뜨리고 미카와 싱커레이는 위험을 무릅쓰고 재난 지역으로 향하는데…",0,1
241,쌉니다 천리마마트,"DM그룹의 공식 유배지, 재래 상권에도 밀리는 저품격 무사태평 천리마마트를 기사회생시키려는 엘리트 점장과 마트를 말아먹으려는 휴먼 불도저 사장의 사생결단 코믹 뺨타지 드라마",0,1
242,아적린거장부대: 내 이웃은 꼬맹이,7살 차이 나는 소꿉친구의 진짜 사랑 찾기 대모험 루정안은 어릴 적부터 7살 연상의 이웃 누나 린양을 짝사랑해 왔다. 루정안은 유학을 마치고 촉망 받는 음악가가 되어 귀국하고 드디어 린양에게 동생이 아닌 남자로 다가서려 하는데…,0,1
243,살인자의 쇼핑목록,"평범한 동네에서 발생하는 의문의 살인사건을 마트 사장, 캐셔, 지구대 순경이 영수증을 단서로 추리해나가는 슈퍼(마켓) 코믹 수사극",0,1
244,NCIS 시즌14,해군과 해병대에 연루된 범죄들을 해결하는 특수수사팀의 이야기를 그린 드라마,0,1
245,신의 퀴즈 : 리부트,4년 만에 복귀한 천재 부검의 한진우 박사가 희귀병 뒤에 감춰진 비밀을 풀고 범죄의 진실을 해부하는 메디컬 범죄수사극,0,1
246,NCIS 시즌18,해군과 해병대에 연루된 범죄들을 해결하는 특수수사팀의 이야기를 그린 드라마,0,1
247,크리미널마인드,범죄자의 입장에서 그들의 심리를 꿰뚫는 프로파일링 기법으로 연쇄살인사건을 해결해나가는 범죄 심리 수사극,0,1
248,킬잇,"동물 살리는 킬러 VS 사람 살리는 형사, 타겟으로 마주치다! 과거를 간직한 채 수의사가 된 킬러와 연쇄살인사건을 쫓는 형사의 시그니처 킬러 액션",0,1
249,NCIS 시즌11,"시즌 11에서 NCIS 팀은 해군과 관련된 사망자를 낳은 폭발 사건의 여파를 겪게 된다. 토니는 실종된 지바를 찾아 이스라엘로 떠나고, 깁스와 맥기는 살인 사건을 해결하기 위해 아프가니스탄으로 간다. 새로운 분석가 엘리너 ′′엘리′′ 비숍이 팀에 합류하여 2년 전 예견했던 사건을 해결하는 데 도움을 주게 된다.",0,1
250,월간 집,집을 사는(buy) 남자와 집에서 사는(live) 여자의 내 집 마련 로맨스를 그린 드라마,0,1
251,여의방비 : 천년의 수호,"대우국 항경령의 여식 부용은 뜻밖의 사고로 현실과 전혀 다른 삶을 사는 예지몽을 꾸게 된다. 황당하다 생각했던 꿈속 사건이 현실 세계에서 하나하나 일어나자 부용은 운명을 바꾸고 가족을 보호하기로 결심한다. 부용은 숙왕과 함께 순장당하는 꿈을 여러 차례 꾼 터라 숙왕을 멀리하려고 하지만, 운명의 붉은 실은 두 사람을 점점 가까이 끌어당기는데…",0,1
252,세계미진리 : 세상의 먼지 속에서,"도서관의 사서인 쩡리는 치아 교정을 하면서 치과의사인 ′애경초′와 아는 사이가 된다. 두 사람은 천천히 서로의 마음속에 스며들지만, 경초가 고백하기 전에 오해하고 아프리카로 의료 지원을 하러 떠나는데…",0,1
253,치즈인더트랩,′′니들은 몰라도 난 안다고. 저 가짜 웃음 뒤에 숨겨진 선배의 또 다른 얼굴을...′′ 달콤한 미소 뒤 위험한 본성을 숨긴 완벽 스펙남과 유일하게 그의 본모습을 꿰뚫어본 비범한 여대생의 숨막히는 로맨스릴러,0,1
254,식샤를 합시다 2,"구대영의 적수가 나타났다! 맛집 블로거 식샤님 ′구대영′과 그를 원수로 기억하는 ′1일1식 다이어트′ 4년차 프리랜서 작가 ′백수지′, 초식남 공무원 ′이상우′. 입맛 다른 ′세종 빌라′ 1인 가구들의 매콤하게 맛있는 드라마",0,1
255,NCIS 시즌16,해군과 해병대에 연루된 범죄들을 해결하는 특수수사팀의 이야기를 그린 드라마,0,1
256,NCIS 시즌12,"시즌12는 깁스와 맥기가 탄 비행기가 러시아 상공에서 폭파되면서 시작된다. 이후 한 과학자가 참수된 채 발견되고, 네이비실 대원의 부인이 살해되며, 미국 출신 테러리스트가 추적당하는 등 여러 사건이 일어난다.",0,1
257,보좌관 2,"금빛 배지를 거머쥔 국회의원 장태준의 위험한 질주, 그 치열한 여의도 생존기",0,1
258,NCIS 시즌13,해군과 해병대에 연루된 범죄들을 해결하는 특수수사팀의 이야기를 그린 드라마,0,1
259,완미선생화차부다소저,"덜렁대는 성격의 허당녀 윈수는 지각으로 졸업시험도 통과 못 하고 사촌 오빠에게 사기 당해 전 재산을 날리고 만다. 인생의 최악을 치닫고 있을 때, 범접하기 어려운 천재 교수님 완벽남 장쓰녠이 느닷없이 여자 친구가 되어달라고 제안하는데…",0,1
260,신의 퀴즈 2,사망 원인 불명의 사체를 조사하는 법의관들의 이야기를 다룬 드라마,0,1
261,[무삭제판] 괴물,‘괴물은 누구인가. 너인가. 나인가. 우리인가.’ 만양에서 펼쳐지는 괴물 같은 두 남자의 심리 추적 스릴러.,0,1
262,고품격 짝사랑,"대한민국 최고의 엔터테인먼트사 G초이 엔터테인먼트. 그곳의 대표, 연예계의 마이더스의 손 ′세훈′과 우연히 세훈의 눈에 들어온 유기농 산골 소녀 ′유이령′! 유이령을 캐스팅하기 위한 세훈의 고군분투 코믹 로맨스!",0,1
263,막돼먹은 영애씨 시즌14,노처녀 캐릭터를 중심으로 대한민국 직장인의 현실을 담아낸 드라마,0,1
264,일견경심 : 첫눈에 반하다,"1926년, 상해 거물의 딸 목완경은 어머니의 유골을 안장하기 위해 일본에서 상해로 돌아온다. 한편, 몰락한 군대 담가군의 수장 담현림은 상해 방어 사령관이 되기 위해 반란을 일으킨다. 담현림과 목완경은 각자의 이익을 위해 협력하지만 서로에게 점차 끌리기 시작하는데…",0,1
265,미미일소흔경성,게임 속 커플이 실제 커플이 되고 게임 개발 회사를 만들어 주변의 시기과 질투 속에서 사랑과 사업까지 성공을 향해 나가는 내용의 드라마.,0,1
266,톱스타 유백이,대형 사고를 쳐 외딴섬에 유배 간 톱스타 ′유백′이 슬로 라이프의 섬 여즉도 처녀 ′깡순′을 만나 벌어지는 문명충돌 로맨스,0,1
267,식샤를 합시다 3,식샤님 더 비긴즈! 서른넷. 슬럼프에 빠진 구대영이 식샤님의 시작을 함께했던 이지우와 재회하면서 스무 살 그 시절의 음식과 추억을 공유하며 상처를 극복하는 이야기,0,1
268,나쁜 녀석들 : 악의도시,악을 악으로 응징하는 나쁜 녀석들이 부패한 권력 집단에게 통쾌한 한 방을 날리는 액션 느와르 드라마,0,1
269,키마이라,"′누가 키마이라인가’ 강력계 형사 재환, 프로파일러 유진, 외과의사 중엽이 각자 다른 목적으로 35년만에 다시 시작된 연쇄폭발 살인사건, 일명 ′키마이라′의 진실을 쫓는 추적 스릴러",0,1
270,신사의 품격,"사랑과 이별, 성공과 좌절을 경험하고 세상 어떤 일에도 미혹되지 않는 불혹을 넘긴 꽃중년 남자 4명이 펼치는 로맨틱 멜로 드라마",0,1
271,밀회,성공을 위해 앞만 바라보고 달려온 예술재단 기획실장 오혜원과 자신의 재능을 모르고 살아온 천재 피아니스트 이선재의 음악적 교감과 애틋한 사랑을 그린 멜로 드라마,0,1
272,와카코와 술,"무라사키 와카코(타케다 리나)는 술과 요리를 무엇보다 좋아하는 26세 우연히 찾아낸 모르는 가게들도 거리낌 없이 잘 들어가는 여자이다. 와카코는 직장에서 생기는 일들을 안주삼아 술자리를 즐기며 혼자만의 시간을 만끽한다. 가끔은 그날 술에 딱 어울리는 요리에 매료되고, 가끔은 감칠맛 나는 요리에 푹 빠지기도... 그런 와카코의 술자리를 지켜보는 친구와 회사 동료들, 단골 가게인 ‘아라쿠’의 주인, 그 외 사람들... 술과 요리가 완벽하게 어울렸을 때 온 몸에 전율이 느껴지는 그녀는 그럴 때 마다 자신도 모르게 감탄에 빠지곤 한다. 와카코, 더할 나위 없는 행복한 순간이다.",0,1
273,한여름의 추억,"엄청 빛났던 거 같은데, 단숨에 초라해졌어. 분명히 사방이 빛이었던 한때도 있었던 거 같은데… 여전히 사랑하고 사랑받고 싶은 서른일곱의 라디오 작가의 가장 찬란하게 빛나고 가슴 시리게 아팠던 사랑의 연대기",0,1
274,장야,운명에 맞서는 젊은이들의 파란만장한 이야기,0,1
275,도쿄방치식당,전직 재판관 출신 여주인공이 오오시마에 있는 선술집에서 일손을 도우며 만나는 사람들과 음식 이야기를 그린 드라마,0,1
276,르노 911! 시즌6,배지에 속지 말 것! 세상에는 경찰이 되어선 안 되는 사람들이 있다. 자격 미달 보안관들의 이야기가 펼쳐진다.,0,1
277,장군가적소호선,천성국 전쟁의 신이라 불리는 장군 고운범은 북방 오랑캐 북융군을 물리치다 큰 부상을 입고 용맹한 장수를 잃게 될까 봐 염려한 황상은 고운범의 혈통을 보존하고자 혼인하라는 명령을 내린다. 그렇게 여우신 하구아를 아내로 맞게 된 고운범은 그녀의 미모와 헌신적인 모습에 마음을 열고 우여곡절 끝에 서로를 진심으로 사랑하게 된 두 사람은 인간과 요괴의 경계를 허물고 평생을 약속하는데...,0,1
278,침수화원 : 꿈 속의 정원,연애 블로그를 운영하는 샤오샤오는 최면 심리 상담사 린선의 조수로 일하게 되고 심리적 문제를 겪는 사람들의 아픔을 치유하기 위해 사건의 진실을 찾아 나서는데…,0,1
279,와이 우먼 킬 시즌2,"‘위기의 주부들’, ‘은밀한 하녀들’을 제작한 마크 체리가 ‘와이 우먼 킬’ 시즌2로 돌아왔다. 새로운 출연진과 1949년을 배경으로 이야기를 이끌어 간다. 외면 뒤에 숨겨진 진정한 미의 의미와 진실을 탐구한다. 세상과 사회에서 무시 받는 한 여성이 사회에 나서는 여정.",0,1
280,고스트 닥터,"신들린 의술의 오만한 천재 의사와 사명감이라곤 1도 없는 황금 수저 레지던트, 배경도 실력도 극과 극인 두 의사가 바디를 공유하면서 벌어지는 메디컬 스토리",0,1
281,금의지하,"육선문의 여자 포쾌 원금하 (담송운)는 한 사건으로 인해 인정사정없는 금의위 육역 (임가륜)과 엮이게 된다. 조정의 돈 십만 냥이 없어지는 사건이 발생하고, 원금하는 육역과 같이 사건을 조사하라는 명을 받는다. 더이상 그와 엮이지 않을 줄 알았던 원금하와 육역은 힘을 합치게 되고 운명의 수레도 굴러가기 시작하는데... 그러나 일은 항상 뜻대로 되지 않는 법. 두 사람의 가문은 피가 서린 원수 사이였는데…",0,1
282,CSI 라스베가스,25년 경력의 베테랑 길 그리썸을 반장으로 한 과학수사대 요원들이 환락과 도박의 도시 라스베가스를 위협하는 각종 범죄현장들을 다니며 과학적인 방법으로 증거를 채취하고 사건을 해결하는 드라마.,0,1
283,아적소확행,꿈을 이루기 위해 엄마 몰래 귀국해 로펌에 취직한 충룽은 파견 나간 병원에서 신경외과 의사 원사오칭과 사사건건 부딪친다. 어린 시절 뚱뚱했던 자신을 지켜준 소녀를 기다리던 원사오칭은 충룽이 그 소녀인 걸 알게 되는데...,0,1
284,시카고 타자기,"tvN 금토드라마 <시카고 타자기＞ 주연: 유아인, 임수정, 고경표 줄거리: 슬럼프에 빠진 베스트셀러 작가 세주와 그의 이름 뒤에 숨은 유령 작가 진오, 한 때 세주의 열혈 팬에서 안티 팬으로 돌변한 문인 덕후 전설, 그리고 의문의 오래된 ′타자기′와 얽힌 세 남녀의 낭만적인 미스터리와 앤티크 로맨스의 만남",0,1
285,모범형사,진실에 다가가려는 자와 은폐하려는 자들 간의 대결을 담은 리얼한 형사들의 세계를 그린 드라마,1,1
286,슬기로운 의사생활,"누군가는 태어나고 누군가는 삶을 끝내는 인생의 축소판이라 불리는 병원에서, 평범한 듯 특별한 하루하루를 살아가는 사람들과 눈빛만 봐도 알 수 있는 20년지기 친구들의 케미스토리를 담은 드라마",1,1
287,멜로가 체질,가짜 뉴스가 범람하는 세상에서 오직 팩트를 통해 진실을 밝히고자 하는 탐사보도팀 ′아르곤′의 치열한 삶을 그려낸 드라마,1,1
288,나의 아저씨,"사라진 신부를 찾기 위해, 괴물이 된 남자.",1,1
289,갯마을 차차차,"현실주의 치과의사 윤혜진과 만능 백수 홍반장이 짠내 사람내음 가득한 바닷마을 ‘공진’에서 벌이는 티키타카 힐링 로맨스 대도시 생활을 접은 치과의사가 바닷가 마을에서 병원을 개업한다. 끈끈하기 그지없는 이 동네, 그곳에서 만난 만능 백수 히어로. 모든 면에서 그녀와 정반대를 달리는데, 은근히 매력이 넘친다?",1,1
290,빈센조,"조직의 배신으로 한국으로 오게 된 이탈리아 마피아 변호사가 베테랑 독종 변호사와 함께 악당의 방식으로 악당을 쓸어버리는 이야기 악은 악으로, 약은 약으로! 모국을 찾은 한국계 이탈리아 마피아 변호사. 무소불위의 재벌에 쓴맛 한번 보여줄까? 이거 본의 아니게 정의의 사도가 될지도 모르겠네.",1,1
291,스물다섯 스물하나,"1998년, 시대에게 꿈을 빼앗긴 청춘들의 방황과 성장을 그린 청량로맨스, 꿈은 그저 꿈으로만 남을 것 같던 그 시절. 야심 찬 목표를 향해 달려가던 고등학교 펜싱선수가 무너진 삶을 다시 세우려 억척스럽게 살아가는 청년을 만난다.",1,1
292,이번 생은 처음이라,집 있는 달팽이가 세상 제일 부러운 ′홈리스′ 윤지호와 현관만 내 집인 ′하우스푸어′ 집주인 남세희가 한집에 살면서 펼쳐지는 수지타산 로맨스.,1,1
293,비밀의 숲,"감정을 느끼지 못하는 외톨이 검사 황시목이, 정의롭고 따뜻한 형사 한여진과 함께 검찰 스폰서 살인사건과 그 이면에 숨겨진 진실을 파헤치는 내부 비밀 추적극!",1,1
294,이태원 클라쓰,"불합리한 세상 속, 고집과 객기로 뭉친 청춘들의 ′힙′한 반란이 시작된다. 세계를 압축해 놓은 듯한 이태원. 이 작은 거리, 각자의 가치관으로 자유를 쫓는 그들의 창업 신화",1,1
295,시그널,tvN 10주년 특별기획<시그널> ′우리의 시간은 이어져있다.′과거로부터 걸려온 간절한 신호(무전)로 연결된 현재와 과거의 형사들이 오래된 미제 사건들을 다시 파헤친다!,1,1
296,뷰티 인사이드,한 달에 일주일 타인의 얼굴로 살아가는 여자와 일 년 열두 달 타인의 얼굴을 알아보지 못하는 남자의 조금은 특별한 로맨스를 그린 드라마,1,1
297,보이스,′112 신고센터 골든타임팀′으로 한 팀을 이룬 ′소리를 쫓는′ 괴물형사 장혁과 ′소리를 보는′ 보이스프로파일러 이하나가 범죄 현장의 골든타임을 사수하는 리얼타임 소리추격극,1,1
298,"알고있지만,",사랑은 못 믿어도 연애는 하고 싶은 여자 유나비와 연애는 성가셔도 썸은 타고 싶은 남자 박재언의 로맨스를 그린 드라마,1,1
299,경이로운 소문,"악귀 사냥꾼 ′카운터′들이 국수집 직원으로 위장해, 지상의 악귀들을 물리치는 통쾌하고 땀내나는 악귀타파 히어로물",1,1
300,미생,"바둑이 인생의 모든 것이었던 장그래가 프로입단에 실패한 후, 냉혹한 현실에 던져지면서 벌어지는 이야기를 그린 드라마",1,1
301,로맨스는 별책부록,"′책을 만들었는데, 로맨스가 따라왔다?′ 책을 읽지 않는 세상에서 책을 만드는 사람들의 이야기를 담은 로맨틱 코미디 드라마",1,1
302,백일의 낭군님,완전무결 왕세자에서 졸지에 무쓸모남으로 전락한 원득과 조선 최고령 원녀 홍심의 전대미문 100일 로맨스 사극,1,1
303,"서른, 아홉","마흔을 코앞에 둔 세 친구의 우정과 사랑, 삶에 대한 깊이 있는 이야기를 다루는 현실 휴먼 로맨스 드라마",1,1
304,아는 와이프,한 번의 선택으로 달라진 현재를 살게 된 운명적인 러브스토리를 그린 드라마,1,1
305,기상청 사람들: 사내연애 잔혹사 편,열대야보다 뜨겁고 국지성 호우보다 종잡을 수 없는 기상청 사람들의 일과 사랑을 그린 직장 로맨스 드라마,1,1
306,명불허전,침을 든 조선 최고의 한의사 허임(김남길)과 메스를 든 현대 의학 신봉자 외과의 최연경(김아중)이 400년을 뛰어넘어 펼치는 조선왕복 메디활극,1,1
307,디어 마이 프렌즈,′′끝나지 않았다. 여전히 살아있다′′고 외치는 ′황혼 청춘′들의 인생 찬가를 그린 드라마 연출: 홍종찬 / 극본: 노희경 꼰대찬가 <디어 마이 프렌즈>,1,1
308,SKY 캐슬,"대한민국 상위 0.1%가 모여 사는 SKY 캐슬 안에서 남편은 왕으로, 제 자식은 천하제일 왕자와 공주로 키우고 싶은 명문가 출신 사모님들의 처절한 욕망을 샅샅이 들여다보는 리얼 코믹 풍자 드라마",1,1
309,어비스,′′영혼 소생 구슬′′ 어비스를 통해 생전과 180도 다른 ′반전 비주얼′로 부활한 두 남녀가 자신을 죽인 살인자를 쫓는 반전 비주얼 판타지,1,1
310,손 the guest,"한국 사회 곳곳에서 기이한 힘에 의해 벌어지는 범죄에 맞서는 영매와 사제, 형사의 이야기를 그린 한국형 리얼 엑소시즘",1,1
311,열여덟의 순간,위태롭고 미숙한 ′Pre-청춘′들의 세상을 있는 그대로 들여다보는 감성 청춘 드라마,1,1
312,남자친구,한 번도 자신이 선택한 삶을 살아보지 못한 수현과 자유롭고 맑은 영혼 진혁의 우연한 만남으로 시작된 설레는 감성멜로 드라마.,1,1
